{
    "Skill Learning Resource Content": {
        "Unstructured Datasets": "[CertainlyUnstructured data refers to information that doesn\u2019t fit into a\nstandard format, making it challenging to store, process, and analyze using\ntraditional relational databases or spreadsheets].\n\nHere are five free resources where you can learn more about unstructured\ndata:\n\n![Databricks]\n\n![Databricks]\n\n  1. [Databricks] : Databricks provides an in-depth explanation of unstructured data, its benefits, and examples.\n\n  2. [NetApp] : NetApp offers insights into unstructured data, emphasizing that it\u2019s not stored in a structured database format.\n\n![Coursera]\n\n![Coursera]\n\n  3. [Coursera] : Coursera defines unstructured data and discusses its challenges and applications.\n\n![IBM]\n\n![IBM][10]\n\n  4. [IBM Blog] : IBM compares structured and unstructured data, highlighting the best practices for managing unstructured data.\n\n  5. [CareerFoundry][11] : CareerFoundry lists ten great places to find open, free datasets for your data projects.\n\nFeel free to explore these resources to enhance your understanding of\nunstructured data! \ud83d\udcca\ud83d\udd0d\n\n   : https://www.databricks.com/resources/ebook/s/what-is-unstructured-data\n\n   : https://www.netapp.com/data-storage/unstructured-data/what-is-\nunstructured-data/\n\n   : https://www.coursera.org/articles/what-is-unstructured-data\n\n   : https://www.ibm.com/blog/structured-vs-unstructured-data/\n\n   : https://www.bing.com/th?id=OSK.HEROJ0XWCo8j_QHiUde2QDQTt2f_qn-\nvIvq7hFXvcfIAV6Q&pid=cdx&w=200&h=128&c=7&rs=1\n\n   : https://www.bing.com/th?id=OSK.HEROJ0XWCo8j_QHiUde2QDQTt2f_qn-\nvIvq7hFXvcfIAV6Q&pid=cdx&w=200&h=118&c=7\n\n   : https://www.bing.com/th?id=OSK.HEROO0_OMKoQHu27xFW-\nQfYTQqyNlYs2nqnM8sAV79EytLg&pid=cdx&w=200&h=128&c=7&rs=1\n\n   : https://www.bing.com/th?id=OSK.HEROO0_OMKoQHu27xFW-\nQfYTQqyNlYs2nqnM8sAV79EytLg&pid=cdx&w=200&h=118&c=7\n\n   :\nhttps://www.bing.com/th?id=OSK.HEROt4HLyeNStQ_rSvHuTdCzR7sVb6Y0LAvosSOnJkqc6W8&pid=cdx&w=200&h=128&c=7&rs=1\n\n   [10]:\nhttps://www.bing.com/th?id=OSK.HEROt4HLyeNStQ_rSvHuTdCzR7sVb6Y0LAvosSOnJkqc6W8&pid=cdx&w=200&h=118&c=7\n\n   [11]: https://careerfoundry.com/en/blog/data-analytics/where-to-find-free-\ndatasets/\n\n",
        "Dataset": "A dataset is a collection of data grouped into a table, where rows\nrepresent data points and columns represent features. [Datasets are essential\nfor various fields, including machine learning, business, and government,\nenabling insights, informed decisions, and algorithm training]. Here\nare five free resources where you can learn more about datasets:\n\n  1. [GeeksforGeeks] : Provides an overview of dataset types, features, and examples.\n  2. [Databricks] : Offers concise information about datasets for analytics and machine learning.\n  3. [Microsoft Learn] : Explains the `DataSet` class, an in-memory cache of data.\n  4. [DataScientest] : Discusses datasets\u2019 role in machine learning and their various formats.\n  5. [Wikipedia] : Provides a comprehensive definition of datasets and their tabular representation.\n\nFeel free to explore these resources to enhance your understanding of\ndatasets! \ud83d\udcca\ud83d\udd0d\n\n   : https://www.geeksforgeeks.org/what-is-dataset/\n\n   : https://www.databricks.com/glossary/what-is-dataset\n\n   : https://learn.microsoft.com/en-\nus/dotnet/api/system.data.dataset?view=net-8.0\n\n   : https://datascientest.com/en/what-is-a-dataset-how-do-i-work-with-it\n\n   : https://en.wikipedia.org/wiki/Data_set\n\n",
        "Hadoop": "Apache Hadoop is an open-source framework that enables distributed\nprocessing of large data sets across clusters of computers using simple\nprogramming models. [It provides a software architecture for both storage and\nprocessing of big data, utilizing the MapReduce programming model\n].\n\nHere are five free reference links where you can learn more about Apache\nHadoop:\n\n  1. [][Official Apache Hadoop Website] : The official website provides comprehensive documentation, tutorials, and resources for understanding Hadoop\u2019s architecture, components, and usage .\n  2. [][edX Hadoop Courses] : edX offers online courses that cover Hadoop fundamentals, including its ecosystem, architecture, and practical applications .\n  3. [][TutorialsPoint Hadoop Tutorial] : This tutorial covers Hadoop basics, HDFS, MapReduce, and other essential concepts with practical examples .\n  4. [][GeeksforGeeks Hadoop Tutorial] : GeeksforGeeks provides detailed articles on Hadoop components, configuration, and usage .\n  5. [][Google Cloud Learn: What is Hadoop?] : Google Cloud\u2019s resource explains Hadoop\u2019s history, benefits, challenges, and use cases .\n\nFeel free to explore these resources to enhance your understanding of Apache\nHadoop! \ud83d\ude80\n\n   : https://www.edx.org/learn/hadoop\n\n   : https://www.tutorialspoint.com/hadoop/index.htm\n\n   : https://hadoop.apache.org/\n\n   : https://www.geeksforgeeks.org/hadoop-tutorial/\n\n   : https://cloud.google.com/learn/what-is-hadoop\n\n",
        "Data Analysis": "Certainly! Let\u2019s dive into data analysis in tech and explore some free\nlearning resources. \ud83d\udcca\ud83d\udc69\u200d\ud83d\udcbb\n\n### What Is Data Analysis in Tech?\n\nData analysis in the tech world refers to the process of collecting,\nmodeling, and analyzing data using various statistical and logical methods.\n[It\u2019s a crucial practice that helps businesses extract insights to support\nstrategic and operational decision-making].\n\nNow, let\u2019s explore some excellent free resources where you can enhance your\ndata analysis skills:\n\n  1. 365 Data Science Flashcards : These expertly designed flashcards cover fundamental data science concepts, including terms related to tools like Microsoft Excel, SQL, Python, and ChatGPT. [They also delve into math, statistics, probability, and machine learning].\n\n![Udemy]\n\n![Udemy]\n\n  2. Udemy : Udemy is a go-to marketplace for online courses. You\u2019ll find over 100,000 titles on various topics, including data analytics and data science. [Explore their free courses uploaded by knowledgeable authors eager to share their expertise with the public].\n\n  3. 365 Data Science Statistics Calculators : These calculators are designed for university students and practitioners who want to understand the mechanics and theory behind statistical calculations. They guide you step-by-step, going beyond just providing results. [Topics covered include central tendency, variance, confidence intervals, hypothesis testing, and more].\n\n![YouTube]\n\n![YouTube]\n\n  4. YouTube Tutorials : YouTube hosts a wealth of data content creators. Check out channels like: \n     * Programming with Mosh : Offers a full course on Python Programming for Beginners.\n     * freeCodeCamp : Provides a comprehensive course on Data Science Fundamentals.\n     * Alex the Analyst : Shares playlists on MySQL Basics for Data Analysts.\n     * [Tina Huang : Curates the SQL Sundays playlist].\n\nRemember, these resources are free and accessible to anyone with an internet\nconnection. Happy learning! \ud83c\udf1f\ud83d\ude80\n\n   : https://www.datapine.com/blog/data-analysis-methods-and-techniques/\n\n   : https://builtin.com/data-science/data-analytics\n\n   : https://machinelearningmastery.com/best-free-resources-to-learn-data-\nanalysis-and-data-science/\n\n   :\nhttps://www.bing.com/th?id=OSK.HEROQ8j8HB0ni3rYJpffNWcnmkeSMeHSxQFdFg6uwod0OXU&pid=cdx&w=200&h=128&c=7&rs=1\n\n   :\nhttps://www.bing.com/th?id=OSK.HEROQ8j8HB0ni3rYJpffNWcnmkeSMeHSxQFdFg6uwod0OXU&pid=cdx&w=200&h=118&c=7\n\n   :\nhttps://www.bing.com/th?id=OSK.HEROjdo_Xsb7qBvK0B0wkLPyULqzmPNaRfFo5cdaweXp-\nnM&pid=cdx&w=200&h=128&c=7&rs=1\n\n   :\nhttps://www.bing.com/th?id=OSK.HEROjdo_Xsb7qBvK0B0wkLPyULqzmPNaRfFo5cdaweXp-\nnM&pid=cdx&w=200&h=118&c=7\n\n   :\nhttps://bing.com/search?q=data+analysis+in+tech+free+learning+resources\n\n",
        "Statistical Analysis": "![Statistics]\n\nExplore\n\nStatistical analysis involves collecting and analyzing data to discern\npatterns, relationships, and insights. It helps us make informed decisions\nbased on data-driven evidence.\n\nHere are five free reference links where you can learn more about\nstatistical analysis:\n\n  1. [Coursera : Explore their article on \u201cWhat Is Statistical Analysis? Definition, Types, and Jobs\u201d to understand the fundamentals and career opportunities in this field].\n  2. [Built In : Read their concise explanation of statistical analysis and its importance in research and data interpretation].\n  3. [Simplilearn : Dive into their comprehensive guide on \u201cTypes, Methods, and Examples of Statistical Analysis\u201d to learn about descriptive, inferential, predictive, and other types of statistical analysis].\n  4. [Business News Daily : Discover how statistical analysis is used to identify trends, remove bias, and inform decision-making in business intelligence].\n  5. [DataCamp : Explore their tutorial on \u201cUnveiling the Magic of Statistical Machine Learning\u201d , which delves into the fusion of statistics and machine learning].\n\nRemember, statistical analysis is a powerful tool that empowers us to extract\nmeaningful insights from data, whether it\u2019s for scientific research, business\ndecisions, or personal understanding. Happy learning! \ud83d\udcca\ud83d\udcc8\n\n   :\nhttps://www.bing.com/th?id=OSK.c3490c489b6de1367b2857798ff7ff44&pid=cdx&w=320&h=197&c=7\n\n   : https://www.coursera.org/articles/statistical-analytics\n\n   : https://builtin.com/data-science/statistical-analysis\n\n   : https://www.simplilearn.com/what-is-statistical-analysis-article\n\n   : https://www.businessnewsdaily.com/6000-statistical-analysis.html\n\n   : https://www.datacamp.com/tutorial/unveiling-the-magic-of-statistical-\nmachine-learning\n\n",
        "Tensorflow": "![TensorFlow]\n\n![TensorFlow]\n\nExplore\n\nTensorFlow is an end-to-end platform for machine learning that simplifies\nthe creation of ML models, allowing them to run in any environment. It\nprovides intuitive APIs and extensive resources for learning and development.\n\nHere are five free reference links where you can learn more about\nTensorFlow:\n\n  1. [TensorFlow Official Documentation]: Dive into the official documentation to explore tutorials, code samples, and guides on using TensorFlow effectively.\n  2. [Introduction to TensorFlow]: This resource offers a comprehensive overview of the TensorFlow ecosystem, including model construction, training, and export.\n  3. [TensorFlow on Wikipedia]: Learn about TensorFlow\u2019s core features, APIs, and its role as a platform for machine learning.\n  4. [TensorFlow Lite]: Discover how to deploy machine learning models on mobile and edge devices using TensorFlow Lite.\n  5. [TensorFlow.js]: Train and run models directly in the browser using JavaScript or Node.js with TensorFlow.js.\n\nHappy learning! \ud83d\ude80\ud83e\udd16\n\n   :\nhttps://www.bing.com/th?id=OSK.688a23f45609ce913cde4d4a9bfc513b&pid=cdx&w=320&h=189&c=7&rs=1\n\n   :\nhttps://www.bing.com/th?id=OSK.688a23f45609ce913cde4d4a9bfc513b&pid=cdx&w=295&h=189&c=7\n\n   : https://www.tensorflow.org/\n\n   : https://www.tensorflow.org/learn\n\n   : https://en.wikipedia.org/wiki/TensorFlow\n\n",
        "Text Analysis": "[Text analysis , also known as text mining , is the process of\ncompiling, analyzing, and extracting valuable insights or information from\nlarge volumes of unstructured texts , using machine learning and NLP\n(natural language processing) techniques].\n\nHere are five free resources where you can learn more about text analysis:\n\n  1. [][MonkeyLearn\u2019s Beginner\u2019s Guide] : This guide provides an overview of text analysis, its basics, methods, and real-world applications.\n  2. [][BytesView Blog] : Explore their comprehensive content on text analysis, covering everything you need to know.\n  3. [][Indeed\u2019s How-To Guide] : Learn about the steps and methods involved in text analysis, especially when dealing with unstructured data.\n  4. [][Ontotext Fundamentals Series] : Dive deeper into customized text mining pipelines and the importance of TA in managing content.\n  5. [][DataKwery\u2019s Text Analysis Courses] : Explore a variety of data science courses specifically focused on text analysis.\n\nHappy learning! \ud83d\udcda\ud83d\udd0d\n\n   : https://www.bytesview.com/blog/text-analysis/\n\n   : https://monkeylearn.com/text-analysis/\n\n   : https://www.indeed.com/career-advice/career-development/how-to-do-\ntext-analysis\n\n   : https://www.ontotext.com/knowledgehub/fundamentals/text-analysis/\n\n   : https://www.datakwery.com/techniques/text-analysis/\n\n",
        "Data Visualization": "[Data visualization is the graphical representation of information and\ndata using visual elements like charts, graphs, and maps, making trends,\noutliers, and patterns in data accessible and understandable for both\ntechnical and non-technical audiences].\n\nHere are five free resources where you can learn more about data\nvisualization:\n\n![Tableau Software]\n\n![Tableau Software]\n\n  1. Tableau : You can use Tableau for free for one year by registering with your school email. [It\u2019s a powerful tool for creating interactive dashboards and visualizing data].\n\n  2. Power BI : If you\u2019re a Windows user, Power BI desktop is a great choice. [For Mac users, running Power BI on a virtual machine can be a workaround].\n\n![Google]\n\n![Google]\n\n  3. Google Data Studio : Designed for real-time collaboration, Google Data Studio integrates seamlessly with other Google products. [While it has limited functionalities, it\u2019s excellent for basic visualizations].\n\n  4. [SAS University Edition : SAS provides a free version called \u201cSAS University Edition\u201d that allows beginners to grasp basic data visualization functions].\n\n![Python]\n\n![Python]\n\n  5. Python and R : These programming languages offer flexibility for creating graphs and visualizations. [You can explore libraries like ggplot2 (for R) and seaborn (for Python) to get started].\n\nFeel free to dive into these resources and enhance your data visualization\nskills! \ud83d\udcca\ud83d\udc40\n\n   : https://www.tableau.com/learn/articles/data-visualization\n\n   : https://www.bing.com/th?id=OSK.HEROC8EVhh-wuqG3SZ3PzqaFCDG-\nc_UrjMJe_OD9dKjB4eE&pid=cdx&w=200&h=128&c=7&rs=1\n\n   : https://www.bing.com/th?id=OSK.HEROC8EVhh-wuqG3SZ3PzqaFCDG-\nc_UrjMJe_OD9dKjB4eE&pid=cdx&w=200&h=118&c=7\n\n   : https://www.visual-design.net/post/how-to-learn-data-visualization-\nfor-free\n\n   :\nhttps://www.bing.com/th?id=OSK.HEROjss3Ck7GUoXZ3S1eDrA9m0YVXsymZWQPduBRqrOKYMg&pid=cdx&w=200&h=128&c=7&rs=1\n\n   :\nhttps://www.bing.com/th?id=OSK.HEROjss3Ck7GUoXZ3S1eDrA9m0YVXsymZWQPduBRqrOKYMg&pid=cdx&w=200&h=118&c=7\n\n   : https://www.bing.com/th?id=OSK.HERORjnaKw-lTTrhFMZMFFAHSCkKJQw-\nbpPpWatN-22XSLo&pid=cdx&w=200&h=128&c=7&rs=1\n\n   : https://www.bing.com/th?id=OSK.HERORjnaKw-lTTrhFMZMFFAHSCkKJQw-\nbpPpWatN-22XSLo&pid=cdx&w=200&h=118&c=7\n\n",
        "Scikit-Learn": "![scikit-learn]\n\n![scikit-learn]\n\nExplore\n\nScikit-learn , also known as sklearn , is a Python library for\nmachine learning. It provides simple and efficient tools for\npredictive data analysis, making it accessible to everyone. You can use it for\ntasks like classification, regression, clustering, dimensionality reduction,\nand more. [Sklearn is built on NumPy , SciPy , and matplotlib ,\nand it\u2019s open source with a commercially usable BSD license].\n\nHere are five free reference links where you can learn more about scikit-\nlearn:\n\n  1. [][Scikit-learn Official Documentation] : Dive into the official documentation to explore various functionalities and examples.\n  2. [][Scikit-learn Tutorials] : Learn the basics of machine learning with practical examples and tutorials.\n  3. [][An Introduction to Machine Learning with Scikit-learn] : Understand the problem setting, loading datasets, and basic learning concepts.\n  4. [][Getting Started with Scikit-learn] : Explore the basics of fitting, predicting, and using estimators in scikit-learn.\n  5. [Scikit-learn External Resources : Find additional videos, talks, and tutorials related to scikit-learn].\n\nHappy learning! \ud83d\ude80\ud83d\udcda\n\n   :\nhttps://www.bing.com/th?id=OSK.9f01b42f1d54a93a80a1b9dd7e66d9dd&pid=cdx&w=320&h=189&c=7&rs=1\n\n   :\nhttps://www.bing.com/th?id=OSK.9f01b42f1d54a93a80a1b9dd7e66d9dd&pid=cdx&w=320&h=173&c=7\n\n   : https://scikit-learn.org/stable/index.html\n\n   : https://scikit-learn.org/stable/tutorial/index.html\n\n   : https://scikit-learn.org/stable/tutorial/basic/tutorial.html\n\n   : https://scikit-learn.org/stable/getting_started.html\n\n",
        "Exploratory Data Analysis": "![Exploratory data analysis]\n\nExplore\n\nExploratory Data Analysis (EDA) is the process of summarizing,\nvisualizing, and understanding the main characteristics of a dataset to\nuncover patterns, relationships, and potential insights.\n\nHere are five free reference links where you can learn more about EDA:\n\n  1. [][CareerFoundry Tutorial on Descriptive Statistics and Exploratory Data Analysis] : This tutorial covers descriptive statistics and pivot tables, helping you gain insights from data.\n  2. [][DataCamp\u2019s Exploratory Data Analysis in Python Course] : Learn how to explore, visualize, and extract insights from data using Python.\n  3. [][UCI Data Preprocessing and Exploratory Data Analysis on Udemy] : A free tutorial that covers data preprocessing and EDA.\n  4. [][Coursera\u2019s Exploratory Data Analysis Course] : Dive into principles of analytic graphs, exploratory graphs, and plotting systems using R.\n  5. [][DataCamp\u2019s Python Exploratory Data Analysis Tutorial] : Learn EDA basics in Python with Pandas, Matplotlib, and NumPy.\n\nHappy exploring! \ud83d\udcca\ud83d\udd0d\n\n   : https://www.bing.com/th?id=OSK.u6AEX-\npvOQ82nOxCHxwnPnoRkdee2vtN5cIDkv09Kl4&pid=cdx&w=320&h=194&c=7\n\n   : https://careerfoundry.com/en/tutorials/data-analytics-for-\nbeginners/descriptive-statistics-and-exploratory-data-analysis\n\n   : https://www.datacamp.com/courses/exploratory-data-analysis-in-python\n\n   : https://www.udemy.com/course/uci-data-preprocessing-and-exploratory-\ndata-analysis/\n\n   : https://www.coursera.org/learn/exploratory-data-analysis\n\n   : https://www.datacamp.com/tutorial/exploratory-data-analysis-python\n\n"
    },
    "Skill Learning Resource Remarks": "data pipeline not found\nexperimentation not found\nstatistics mathematics not found\nanalytical skill not found\nstrategic decision make not found\nalgorithms not found\npredictive models not found\ncommunication skills not found\na b testing also known as Testing\ncommunicate not found\ncollect not found\ndecision make not found\nmachine learn algorithm not found\nscience computer not found\nextracting data not found\ncloud platforms also known as Cloud\ncross functional teams not found\ndraw not found\npreprocess data not found\ndata engineers not found\nlibraries not found\nexploratory datum analysis not found\ndata technologies not found\nmachine algorithms not found\ndata manipulation not found\nsources not found\nanalysis perform not found",
    "Match Score": {
        "unstructured datasets": 0,
        "programming languages": 1,
        "computer science": 1,
        "programming": 1,
        "data pipeline": 0,
        "experimentation": 0,
        "statistics mathematics": 0,
        "analytical skill": 0,
        "visualization": 1,
        "machine learn": 1,
        "natural language processing": 1,
        "strategic decision make": 0,
        "text analysis": 0,
        "data visualization": 0,
        "algorithms": 0,
        "cloud": 1,
        "scikit learn": 1,
        "predictive models": 0,
        "communication skills": 0,
        "testing": 1,
        "problem solve": 1,
        "a b testing": 0,
        "communicate": 0,
        "datasets": 0,
        "sql": 1,
        "collect": 0,
        "decision make": 0,
        "machine learn algorithm": 0,
        "r": 1,
        "exploratory data analysis": 0,
        "pandas": 1,
        "tools": 1,
        "matplotlib": 1,
        "hadoop": 0,
        "collaborate": 1,
        "science computer": 0,
        "tensorflow": 0,
        "pytorch": 1,
        "extracting data": 0,
        "cloud platforms": 0,
        "spark": 1,
        "cross functional teams": 0,
        "python": 1,
        "artificial intelligence": 1,
        "machine learning algorithms": 1,
        "seaborn": 1,
        "draw": 0,
        "preprocess data": 0,
        "azure": 1,
        "data engineers": 0,
        "libraries": 0,
        "data analysis": 0,
        "big data": 1,
        "numpy": 1,
        "statistical analysis": 0,
        "exploratory datum analysis": 0,
        "data science": 1,
        "data technologies": 0,
        "database": 1,
        "machine algorithms": 0,
        "data processing": 1,
        "aws": 1,
        "data manipulation": 0,
        "sources": 0,
        "analysis perform": 0,
        "machine learning": 1,
        "scikit-learn": 0
    }
}