{
    "Skill Learning Resource Content": {
        "Machine Learning": "Certainly! Let\u2019s dive into the fascinating world of machine learning. In a\nnutshell:\n\n[Machine learning is a subfield of artificial intelligence that empowers\ncomputers to learn from data without explicit programming, enabling them to\nperform complex tasks by analyzing large datasets].\n\nNow, here are five free resources where you can learn more about machine\nlearning:\n\n  1. [][Machine Learning Crash Course by Google] : This practical introduction covers key concepts, including loss, gradient descent, and deep neural networks, with real-world case studies and hands-on exercises.\n  2. [Stanford University\u2019s Machine Learning Course] : A comprehensive course that delves into the foundations of machine learning.\n  3. [Machine Learning Foundations: A Case Study Approach] : Offered by the University of Washington, this course provides a practical approach to understanding machine learning.\n  4. [Machine Learning for All] : The University of London\u2019s course covers machine learning basics and applications.\n  5. [Machine Learning with Python] : IBM\u2019s course focuses on using Python for machine learning tasks.\n\nFeel free to explore these resources and embark on your machine learning\njourney! \ud83d\ude80\ud83e\udd16\n\n   : https://mitsloan.mit.edu/ideas-made-to-matter/machine-learning-\nexplained\n\n   : https://www.businessinsider.com/guides/tech/what-is-machine-learning\n\n   : https://www.geeksforgeeks.org/machine-learning/\n\n   : https://www.coursera.org/articles/what-is-machine-learning\n\n   : https://developers.google.com/machine-learning/crash-course/\n\n   : https://www.freecodecamp.org/news/best-machine-learning-courses/\n\n",
        "Scikit-Learn": "Explore\n\nScikit-learn , also known as sklearn , is a Python library for\nmachine learning. It provides simple and efficient tools for\npredictive data analysis, making it accessible to everyone. You can use it for\ntasks like classification, regression, clustering, dimensionality reduction,\nand more. [Sklearn is built on NumPy , SciPy , and matplotlib ,\nand it\u2019s open source with a commercially usable BSD license].\n\nHere are five free reference links where you can learn more about scikit-\nlearn:\n\n  1. [][Scikit-learn Official Documentation] : Dive into the official documentation to explore various functionalities and examples.\n  2. [][Scikit-learn Tutorials] : Learn the basics of machine learning with practical examples and tutorials.\n  3. [][An Introduction to Machine Learning with Scikit-learn] : Understand the problem setting, loading datasets, and basic learning concepts.\n  4. [][Getting Started with Scikit-learn] : Explore the basics of fitting, predicting, and using estimators in scikit-learn.\n  5. [Scikit-learn External Resources : Find additional videos, talks, and tutorials related to scikit-learn].\n\nHappy learning! \ud83d\ude80\ud83d\udcda\n\n   : https://scikit-learn.org/stable/index.html\n\n   : https://scikit-learn.org/stable/tutorial/index.html\n\n   : https://scikit-learn.org/stable/tutorial/basic/tutorial.html\n\n   : https://scikit-learn.org/stable/getting_started.html\n\n",
        "Unstructured Datasets": "[CertainlyUnstructured data refers to information that doesn\u2019t fit into a\nstandard format, making it challenging to store, process, and analyze using\ntraditional relational databases or spreadsheets].\n\nHere are five free resources where you can learn more about unstructured\ndata:\n\n  1. [Databricks] : Databricks provides an in-depth explanation of unstructured data, its benefits, and examples.\n\n  2. [NetApp] : NetApp offers insights into unstructured data, emphasizing that it\u2019s not stored in a structured database format.\n\n  3. [Coursera] : Coursera defines unstructured data and discusses its challenges and applications.\n\n  4. [IBM Blog] : IBM compares structured and unstructured data, highlighting the best practices for managing unstructured data.\n\n  5. [CareerFoundry] : CareerFoundry lists ten great places to find open, free datasets for your data projects.\n\nFeel free to explore these resources to enhance your understanding of\nunstructured data! \ud83d\udcca\ud83d\udd0d\n\n   : https://www.databricks.com/resources/ebook/s/what-is-unstructured-data\n\n   : https://www.netapp.com/data-storage/unstructured-data/what-is-\nunstructured-data/\n\n   : https://www.coursera.org/articles/what-is-unstructured-data\n\n   : https://www.ibm.com/blog/structured-vs-unstructured-data/\n\n   : https://careerfoundry.com/en/blog/data-analytics/where-to-find-free-\ndatasets/\n\n",
        "Machine Learning Algorithms": "[Machine learning algorithms are computational models that allow computers\nto understand patterns and forecast or make judgments based on data without\nthe need for explicit programming].\n\nHere are five free resources where you can learn more about machine\nlearning:\n\n  1. [][Machine Learning Crash Course by Google Developers] : This practical introduction covers key concepts, including loss, gradient descent, and deep neural networks, with real-world case studies and hands-on exercises.\n  2. [Stanford University\u2019s Machine Learning Course] : A comprehensive course that dives into the foundations of machine learning.\n  3. [Machine Learning Foundations: A Case Study Approach by University of Washington] : Learn through case studies and practical examples.\n  4. [Machine Learning for All by University of London] : An accessible course suitable for beginners.\n  5. [Machine Learning with Python by IBM] : Explore machine learning using Python and practical examples.\n\nFeel free to explore these resources and enhance your understanding of machine\nlearning! \ud83e\udd16\ud83d\udcda\n\n   : https://www.geeksforgeeks.org/machine-learning-algorithms/\n\n   : https://developers.google.com/machine-learning/crash-course/\n\n   : https://www.freecodecamp.org/news/best-machine-learning-courses/\n\n",
        "Database": "Certainly! [In a nutshell, a database is a structured collection of\ninformation stored in a computer system, organized in a way that makes it easy\nto retrieve and manipulate data]. Here are some free resources where\nyou can learn more about databases:\n\n  1. [edX] : Offers online courses covering various database systems.\n  2. [][W3Schools SQL Tutorial] : Provides interactive SQL tutorials for MySQL, SQL Server, and more.\n  3. [][freeCodeCamp\u2019s Relational Database Curriculum] : Includes beginner-friendly courses on SQL and relational databases.\n  4. [][Coursera] : Offers a range of database courses from top universities and industry leaders.\n  5. [][Holistics] : Lists additional tools and resources for learning SQL and database concepts.\n\nFeel free to explore these links to enhance your understanding of databases!\n\ud83d\udcda\ud83d\udd0d\n\n   : https://www.guru99.com/introduction-to-database-sql.html\n\n   : https://www.edx.org/learn/databases\n\n   : https://www.w3schools.com/sql/\n\n   : https://www.freecodecamp.org/news/learn-sql-free-relational-database-\ncourses-for-beginners/\n\n   : https://www.coursera.org/courses?query=database\n\n   : https://www.holistics.io/blog/top-database-documentation-tools/\n\n",
        "Artificial Intelligence": "[Artificial intelligence (AI) refers to the ability of a computer or\ncomputer-controlled robot to perform tasks commonly associated with\nintelligent beings, such as reasoning, discovering meaning, generalizing, or\nlearning from past experiences]. In simpler terms, it\u2019s about making\ncomputers act more like humans.\n\nHere are five free resources where you can learn more about artificial\nintelligence:\n\n  1. [Harvard CS50\u2019s Introduction to Artificial Intelligence with Python] : This course provides a solid foundation in AI using Python.\n  2. [Machine Learning Foundational Course by Google] : Learn the basics of machine learning and its applications.\n  3. Career Essentials In Generative AI on LinkedIn : Explore generative AI techniques.\n  4. [IBM: AI Foundations for Everyone] : Understand the fundamentals of AI.\n  5. [ChatGPT for Beginners on Udemy] : Dive into AI-powered chatbots and language models.\n\nFeel free to explore these courses and enhance your understanding of\nartificial intelligence! \ud83e\udd16\ud83d\udcda\n\n   : https://www.britannica.com/technology/artificial-intelligence\n\n   : https://www.udemy.com/topic/artificial-intelligence/free/\n\n   : https://tech.co/news/best-free-ai-training-courses\n\n   : https://www.mygreatlearning.com/ai/free-courses\n\n",
        "Spark": "Explore\n\n[CertainlyApache Spark is a lightning-fast, open-source data-processing\nengine used for machine learning and AI applications, backed by a large open-\nsource community in the big data domain ]. It easily\nhandles large-scale data sets and is well-suited for tasks like PySpark.\n\nHere are five free reference links where you can learn more about Apache\nSpark:\n\n  1. AWS Introduction to Apache Spark : This resource provides an overview of Spark, its features, and how it works. [You\u2019ll find tutorials and examples to get started ].\n  2. [IBM\u2019s Explanation of Apache Spark : IBM offers insights into Spark\u2019s capabilities, including its use for machine learning, AI, and real-time data processing ].\n  3. [Google Cloud\u2019s Overview of Apache Spark : Learn about Spark\u2019s unified analytics engine, its modules (SQL, streaming, machine learning, and graph processing), and its compatibility with various data sources ].\n  4. Apache Spark Official Documentation : The official Spark website offers comprehensive documentation, tutorials, and quick-start guides. [You can explore Spark\u2019s features, architecture, and APIs ].\n  5. Udemy\u2019s Spark Starter Kit : This free Udemy course delves into Spark in depth, providing a strong foundation. [It covers essential concepts and practical examples ].\n\nFeel free to explore these resources to enhance your understanding of Apache\nSpark! \ud83d\ude80\n\n   : https://aws.amazon.com/what-is/apache-spark/\n\n   : https://www.ibm.com/topics/apache-spark\n\n   : https://www.ibm.com/id-en/topics/apache-spark\n\n   : https://cloud.google.com/learn/what-is-apache-spark\n\n   : https://spark.apache.org/\n\n   : https://www.udemy.com/course/sparkstarterkit/\n\n",
        "R": "Explore\n\nR is a programming language for statistical computing and data\nvisualization. It is widely used in fields such as data mining,\nbioinformatics, and data analysis. The core R language is augmented by a large\nnumber of extension packages, containing reusable code, documentation, and\nsample data. [R software is open-source and free, licensed under the GNU\nGeneral Public License].\n\nHere are five free resources where you can learn R:\n\n  1. [Codecademy\u2019s Learn R Course] : This course covers R basics, data frames, data cleaning, and data visualization. It\u2019s a great starting point for beginners.\n\n  2. [DataCamp\u2019s Introduction to R] : Master the basics of data analysis in R, including vectors, lists, and data frames. Real data sets are used for practice.\n\n  3. [Learn-R.org] : An interactive R tutorial with examples and exercises. Whether you\u2019re new to programming or an experienced coder, this resource will help you learn R efficiently.\n\n  4. R Programming at Wikibooks : A comprehensive guide with detailed explanations and examples. It covers various aspects of R programming.\n\n  5. R Project\u2019s Official Website : The official site provides documentation, tutorials, and links to additional resources. It\u2019s a valuable hub for R users.\n\nHappy learning! \ud83d\udcca\ud83d\udcc8\n\n   : https://en.wikipedia.org/wiki/R_%28programming_language%29\n\n   : https://www.geeksforgeeks.org/r-programming-language-introduction/\n\n   : https://www.r-project.org/about.html\n\n   : https://www.codecademy.com/learn/learn-r\n\n   : https://www.datacamp.com/courses/free-introduction-to-r\n\n   : https://learn-r.org/\n\n",
        "Natural Language Processing": "Natural Language Processing (NLP) combines computational linguistics with\nstatistical and machine learning models to enable computers to recognize,\nunderstand, and generate text and speech. [It plays a crucial role in\napplications like voice-operated systems, chatbots, and language\ntranslation].\n\nHere are five free resources where you can learn more about NLP:\n\n  1. [IBM\u2019s Natural Language Processing Overview] : Understand the basics and explore applications.\n  2. Coursera\u2019s NLP Specialization : Dive deeper into NLP techniques with this comprehensive course.\n  3. Harvard University\u2019s CS50 Intro to Artificial Intelligence with Python : Learn about NLP and AI concepts.\n  4. Udemy\u2019s \u201cCreate a Chatbot Using AIML\u201d : Build a chatbot from scratch with AIML.\n  5. Natural Language Processing Courses on Udemy : Explore various NLP topics and techniques.\n\nHappy learning! \ud83d\udcda\ud83e\udd16\n\n   : https://bing.com/search?q=natural+language+processing+definition\n\n   : https://www.ibm.com/topics/natural-language-processing\n\n",
        "Exploratory Data Analysis": "Explore\n\nExploratory Data Analysis (EDA) is the process of summarizing,\nvisualizing, and understanding the main characteristics of a dataset to\nuncover patterns, relationships, and potential insights.\n\nHere are five free reference links where you can learn more about EDA:\n\n  1. [][CareerFoundry Tutorial on Descriptive Statistics and Exploratory Data Analysis] : This tutorial covers descriptive statistics and pivot tables, helping you gain insights from data.\n  2. [][DataCamp\u2019s Exploratory Data Analysis in Python Course] : Learn how to explore, visualize, and extract insights from data using Python.\n  3. [][UCI Data Preprocessing and Exploratory Data Analysis on Udemy] : A free tutorial that covers data preprocessing and EDA.\n  4. [][Coursera\u2019s Exploratory Data Analysis Course] : Dive into principles of analytic graphs, exploratory graphs, and plotting systems using R.\n  5. [][DataCamp\u2019s Python Exploratory Data Analysis Tutorial] : Learn EDA basics in Python with Pandas, Matplotlib, and NumPy.\n\nHappy exploring! \ud83d\udcca\ud83d\udd0d\n\n   : https://careerfoundry.com/en/tutorials/data-analytics-for-\nbeginners/descriptive-statistics-and-exploratory-data-analysis\n\n   : https://www.datacamp.com/courses/exploratory-data-analysis-in-python\n\n   : https://www.udemy.com/course/uci-data-preprocessing-and-exploratory-\ndata-analysis/\n\n   : https://www.coursera.org/learn/exploratory-data-analysis\n\n   : https://www.datacamp.com/tutorial/exploratory-data-analysis-python\n\n",
        "Data Analysis": "Certainly! Let\u2019s dive into data analysis in tech and explore some free\nlearning resources. \ud83d\udcca\ud83d\udc69\u200d\ud83d\udcbb\n\n### What Is Data Analysis in Tech?\n\nData analysis in the tech world refers to the process of collecting,\nmodeling, and analyzing data using various statistical and logical methods.\n[It\u2019s a crucial practice that helps businesses extract insights to support\nstrategic and operational decision-making].\n\nNow, let\u2019s explore some excellent free resources where you can enhance your\ndata analysis skills:\n\n  1. 365 Data Science Flashcards : These expertly designed flashcards cover fundamental data science concepts, including terms related to tools like Microsoft Excel, SQL, Python, and ChatGPT. [They also delve into math, statistics, probability, and machine learning].\n\n  2. Udemy : Udemy is a go-to marketplace for online courses. You\u2019ll find over 100,000 titles on various topics, including data analytics and data science. [Explore their free courses uploaded by knowledgeable authors eager to share their expertise with the public].\n\n  3. 365 Data Science Statistics Calculators : These calculators are designed for university students and practitioners who want to understand the mechanics and theory behind statistical calculations. They guide you step-by-step, going beyond just providing results. [Topics covered include central tendency, variance, confidence intervals, hypothesis testing, and more].\n\n  4. YouTube Tutorials : YouTube hosts a wealth of data content creators. Check out channels like: \n     * Programming with Mosh : Offers a full course on Python Programming for Beginners.\n     * freeCodeCamp : Provides a comprehensive course on Data Science Fundamentals.\n     * Alex the Analyst : Shares playlists on MySQL Basics for Data Analysts.\n     * [Tina Huang : Curates the SQL Sundays playlist].\n\nRemember, these resources are free and accessible to anyone with an internet\nconnection. Happy learning! \ud83c\udf1f\ud83d\ude80\n\n   : https://www.datapine.com/blog/data-analysis-methods-and-techniques/\n\n   : https://builtin.com/data-science/data-analytics\n\n   : https://machinelearningmastery.com/best-free-resources-to-learn-data-\nanalysis-and-data-science/\n\n   :\nhttps://bing.com/search?q=data+analysis+in+tech+free+learning+resources\n\n",
        "Data Science": "Certainly! Data science is an interdisciplinary field that uses scientific\nmethods, processes, algorithms, and systems to extract knowledge and insights\nfrom structured and unstructured data. [In simpler terms, data science\ninvolves obtaining, processing, and analyzing data to gain insights for\nvarious purposes].\n\nHere are five free online courses where you can learn data science:\n\n  1. [IBM Python for Data Science, AI & Development: This course covers Python programming, data analysis, and more].\n  2. [IBM Data Science : Gain skills in Python, machine learning, data analysis, and visualization].\n  3. [Duke University Data Science Math Skills : Learn about data analysis, statistics, and problem-solving].\n  4. [IBM Data Analyst : Explore Python, data visualization, SQL, and other essential skills].\n  5. [Princeton University Computer Science: Programming with a Purpose : Enhance your computer programming skills and learn Java programming principles].\n\nFeel free to explore these courses and start your data science journey! \ud83d\ude80\n\n   : https://www.datacamp.com/blog/what-is-data-science-the-definitive-\nguide\n\n   : https://www.coursera.org/courses?query=free%20courses%20data%20science\n\n",
        "Testing": "Certainly! [In a nutshell, software testing is the process of evaluating\nthe functionality of a software to verify and validate that it meets the\nexpected requirements and is defect-free]. Now, let\u2019s explore some\nfree resources to enhance your understanding of software testing:\n\n  1. [][Software Testing Basics] : This course covers essential concepts, including the Software Development Life Cycle (SDLC), testing models, and documentation.\n  2. [Foundations of Software Testing and Validation (University of Leeds): A beginner-friendly course focusing on software testing fundamentals].\n  3. [][Introduction to Software Testing] (University of Minnesota): Learn about testing, problem-solving, and software engineering principles.\n  4. [Introduction to Software Engineering (IBM): Gain insights into software engineering, programming, and agile development].\n  5. [][Free Software Testing Courses on Udemy] : Explore a variety of courses on Udemy, covering manual testing, test automation, performance testing, security testing, and more.\n\nFeel free to dive into these resources and enhance your software testing\nskills! \ud83d\ude80\n\n   : https://www.mygreatlearning.com/academy/learn-for-\nfree/courses/software-testing-fundamentals1\n\n   : https://www.classcentral.com/subject/software-testing\n\n   : https://www.coursera.org/learn/introduction-software-testing\n\n   : https://www.udemy.com/topic/software-testing/free/\n\n",
        "Text Analysis": "[Text analysis , also known as text mining , is the process of\ncompiling, analyzing, and extracting valuable insights or information from\nlarge volumes of unstructured texts , using machine learning and NLP\n(natural language processing) techniques].\n\nHere are five free resources where you can learn more about text analysis:\n\n  1. [][MonkeyLearn\u2019s Beginner\u2019s Guide] : This guide provides an overview of text analysis, its basics, methods, and real-world applications.\n  2. [][BytesView Blog] : Explore their comprehensive content on text analysis, covering everything you need to know.\n  3. [][Indeed\u2019s How-To Guide] : Learn about the steps and methods involved in text analysis, especially when dealing with unstructured data.\n  4. [][Ontotext Fundamentals Series] : Dive deeper into customized text mining pipelines and the importance of TA in managing content.\n  5. [][DataKwery\u2019s Text Analysis Courses] : Explore a variety of data science courses specifically focused on text analysis.\n\nHappy learning! \ud83d\udcda\ud83d\udd0d\n\n   : https://www.bytesview.com/blog/text-analysis/\n\n   : https://monkeylearn.com/text-analysis/\n\n   : https://www.indeed.com/career-advice/career-development/how-to-do-\ntext-analysis\n\n   : https://www.ontotext.com/knowledgehub/fundamentals/text-analysis/\n\n   : https://www.datakwery.com/techniques/text-analysis/\n\n",
        "Hadoop": "Apache Hadoop is an open-source framework that enables distributed\nprocessing of large data sets across clusters of computers using simple\nprogramming models. [It provides a software architecture for both storage and\nprocessing of big data, utilizing the MapReduce programming model\n].\n\nHere are five free reference links where you can learn more about Apache\nHadoop:\n\n  1. [][Official Apache Hadoop Website] : The official website provides comprehensive documentation, tutorials, and resources for understanding Hadoop\u2019s architecture, components, and usage .\n  2. [][edX Hadoop Courses] : edX offers online courses that cover Hadoop fundamentals, including its ecosystem, architecture, and practical applications .\n  3. [][TutorialsPoint Hadoop Tutorial] : This tutorial covers Hadoop basics, HDFS, MapReduce, and other essential concepts with practical examples .\n  4. [][GeeksforGeeks Hadoop Tutorial] : GeeksforGeeks provides detailed articles on Hadoop components, configuration, and usage .\n  5. [][Google Cloud Learn: What is Hadoop?] : Google Cloud\u2019s resource explains Hadoop\u2019s history, benefits, challenges, and use cases .\n\nFeel free to explore these resources to enhance your understanding of Apache\nHadoop! \ud83d\ude80\n\n   : https://www.edx.org/learn/hadoop\n\n   : https://www.tutorialspoint.com/hadoop/index.htm\n\n   : https://hadoop.apache.org/\n\n   : https://www.geeksforgeeks.org/hadoop-tutorial/\n\n   : https://cloud.google.com/learn/what-is-hadoop\n\n",
        "Visualization": "[Data visualization is the representation of data through common graphics,\nsuch as charts, plots, infographics, and animations, making complex\ninformation easy to understand ].\n\nHere are five free online resources where you can learn more about data\nvisualization:\n\n  1. [IBM\u2019s Data Visualization Solution : Explore IBM\u2019s data visualization solution, which covers various aspects of data visualization and provides insights on best practices and techniques ].\n  2. [Coursera\u2019s Data Visualization with Tableau Specialization : This course, in collaboration with Tableau, teaches you how to create and design visualizations and dashboards for better decision-making ].\n  3. [edX\u2019s Data Science: Visualization : Learn basic visualization principles using ggplot2 and R, focusing on exploratory data analysis and handling errors ].\n  4. [Analytics India Magazine\u2019s Hands-on Tutorial on Folium for Geographical Data Visualization : Dive into Folium, a Python library for creating different types of geographical data visualizations, including maps and markers ].\n  5. [Easy Render\u2019s 7 Great Online Resources for Learning 3D Visualization : While not directly related to data visualization, this resource provides insights into 3D visualization techniques and tools ].\n\nRemember to explore these resources and practice hands-on to enhance your data\nvisualization skills! \ud83d\udcca\ud83d\udc69\u200d\ud83d\udcbb\n\n   : https://analyticsindiamag.com/8-free-online-resources-to-get-your-\nhands-on-data-visualisation/\n\n   : https://www.easyrender.com/a/7-great-online-resources-for-\nlearning-3d-visualization\n\n",
        "Big Data": "Certainly! Big data refers to a combination of structured, semi-\nstructured, and unstructured data that organizations collect, analyze, and\nmine for information and insights. It\u2019s used in machine learning projects,\npredictive modeling, and other advanced analytics applications. Systems that\nprocess and store big data have become a common component of data management\narchitectures in organizations. [Big data is often characterized by the three\nV\u2019s: the large volume of data, the wide variety of data types, and the\nhigh velocity at which the data is generated, collected, and\nprocessed].\n\nHere are five free reference links where you can learn more about big\ndata:\n\n  1. [Google Cloud\u2019s Big Data Defined] : This resource provides insights into the volume, velocity, and variety of big data and its importance.\n  2. [TechFinitive\u2019s Explanation of Big Data] : Learn about unstructured data and how AI logic can uncover insights from big data.\n  3. [Investopedia\u2019s Definition of Big Data] : Understand the concept of big data and its increasing volumes and velocity.\n  4. [Great Learning\u2019s Free Big Data Analytics Course] : Dive into hands-on training covering Hadoop, Hive, Apache Kafka, and Spark.\n  5. [Smart Data Collective\u2019s 20 Free Big Data Sources] : Explore various data sources related to big data.\n\nFeel free to explore these resources and enhance your knowledge of big data! \ud83d\ude80\n\n   : https://www.mygreatlearning.com/academy/learn-for-\nfree/courses/mastering-big-data-analytics\n\n   : https://cloud.google.com/learn/what-is-big-data\n\n   : https://www.techfinitive.com/explainers/what-is-big-data/\n\n   : https://www.investopedia.com/terms/b/big-data.asp\n\n   : https://www.smartdatacollective.com/big-data-20-free-big-data-sources-\neveryone-should-know/\n\n",
        "Tensorflow": "Explore\n\nTensorFlow is an end-to-end platform for machine learning that simplifies\nthe creation of ML models, allowing them to run in any environment. It\nprovides intuitive APIs and extensive resources for learning and development.\n\nHere are five free reference links where you can learn more about\nTensorFlow:\n\n  1. [TensorFlow Official Documentation]: Dive into the official documentation to explore tutorials, code samples, and guides on using TensorFlow effectively.\n  2. [Introduction to TensorFlow]: This resource offers a comprehensive overview of the TensorFlow ecosystem, including model construction, training, and export.\n  3. [TensorFlow on Wikipedia]: Learn about TensorFlow\u2019s core features, APIs, and its role as a platform for machine learning.\n  4. [TensorFlow Lite]: Discover how to deploy machine learning models on mobile and edge devices using TensorFlow Lite.\n  5. [TensorFlow.js]: Train and run models directly in the browser using JavaScript or Node.js with TensorFlow.js.\n\nHappy learning! \ud83d\ude80\ud83e\udd16\n\n   : https://www.tensorflow.org/\n\n   : https://www.tensorflow.org/learn\n\n   : https://en.wikipedia.org/wiki/TensorFlow\n\n",
        "Data Visualization": "[Data visualization is the graphical representation of information and\ndata using visual elements like charts, graphs, and maps, making trends,\noutliers, and patterns in data accessible and understandable for both\ntechnical and non-technical audiences].\n\nHere are five free resources where you can learn more about data\nvisualization:\n\n  1. Tableau : You can use Tableau for free for one year by registering with your school email. [It\u2019s a powerful tool for creating interactive dashboards and visualizing data].\n\n  2. Power BI : If you\u2019re a Windows user, Power BI desktop is a great choice. [For Mac users, running Power BI on a virtual machine can be a workaround].\n\n  3. Google Data Studio : Designed for real-time collaboration, Google Data Studio integrates seamlessly with other Google products. [While it has limited functionalities, it\u2019s excellent for basic visualizations].\n\n  4. [SAS University Edition : SAS provides a free version called \u201cSAS University Edition\u201d that allows beginners to grasp basic data visualization functions].\n\n  5. Python and R : These programming languages offer flexibility for creating graphs and visualizations. [You can explore libraries like ggplot2 (for R) and seaborn (for Python) to get started].\n\nFeel free to dive into these resources and enhance your data visualization\nskills! \ud83d\udcca\ud83d\udc40\n\n   : https://www.tableau.com/learn/articles/data-visualization\n\n   : https://www.visual-design.net/post/how-to-learn-data-visualization-\nfor-free\n\n",
        "Statistical Analysis": "Explore\n\nStatistical analysis involves collecting and analyzing data to discern\npatterns, relationships, and insights. It helps us make informed decisions\nbased on data-driven evidence.\n\nHere are five free reference links where you can learn more about\nstatistical analysis:\n\n  1. [Coursera : Explore their article on \u201cWhat Is Statistical Analysis? Definition, Types, and Jobs\u201d to understand the fundamentals and career opportunities in this field].\n  2. [Built In : Read their concise explanation of statistical analysis and its importance in research and data interpretation].\n  3. [Simplilearn : Dive into their comprehensive guide on \u201cTypes, Methods, and Examples of Statistical Analysis\u201d to learn about descriptive, inferential, predictive, and other types of statistical analysis].\n  4. [Business News Daily : Discover how statistical analysis is used to identify trends, remove bias, and inform decision-making in business intelligence].\n  5. [DataCamp : Explore their tutorial on \u201cUnveiling the Magic of Statistical Machine Learning\u201d , which delves into the fusion of statistics and machine learning].\n\nRemember, statistical analysis is a powerful tool that empowers us to extract\nmeaningful insights from data, whether it\u2019s for scientific research, business\ndecisions, or personal understanding. Happy learning! \ud83d\udcca\ud83d\udcc8\n\n   : https://www.coursera.org/articles/statistical-analytics\n\n   : https://builtin.com/data-science/statistical-analysis\n\n   : https://www.simplilearn.com/what-is-statistical-analysis-article\n\n   : https://www.businessnewsdaily.com/6000-statistical-analysis.html\n\n   : https://www.datacamp.com/tutorial/unveiling-the-magic-of-statistical-\nmachine-learning\n\n",
        "Cloud": "Certainly! [In a nutshell, cloud computing refers to accessing servers,\nsoftware, and databases over the Internet, eliminating the need for managing\nphysical servers or running applications on local\nmachines].\n\nHere are five free resources where you can learn more about cloud\ncomputing:\n\n  1. [Cloudflare Learning Center] : Understand cloud basics, explore different cloud models, and learn how the cloud works.\n  2. [Google Cloud] : Dive into on-demand availability of computing resources and grasp the essentials of cloud computing.\n  3. [IBM Cloud Computing] : Explore cloud resources, virtual servers, data storage, and more with pay-per-use pricing.\n  4. [PhoenixNAP] : Learn about cloud virtualization, scalability, hybrid cloud, DevOps, and automation.\n  5. [Coursera Cloud Computing Courses] : Discover essential concepts like IaaS, PaaS, and SaaS, and explore different layers of cloud computing.\n\nFeel free to explore these resources and enhance your understanding of cloud\ntechnology! \ud83c\udf10\u2601\ufe0f\n\n   : https://www.cloudflare.com/learning/cloud/what-is-the-cloud/\n\n   : https://cloud.google.com/learn/what-is-cloud-computing\n\n   : https://www.ibm.com/topics/cloud-computing\n\n   : https://phoenixnap.com/blog/what-is-cloud-computing\n\n   : https://www.coursera.org/collections/cloud-computing-for-beginners\n\n",
        "Data Processing": "Data processing refers to the method of collecting raw data and\ntranslating it into usable information. [It involves steps such as data\ncollection, filtering, sorting, analysis, and presentation in a readable\nformat].\n\nHere are five free online resources where you can learn more about data\nprocessing and related topics:\n\n  1. [CareerFoundry] : Offers a data analytics short course.\n  2. Datacamp : Provides \u201cData Science for Everyone\u201d courses.\n  3. OpenLearn : Offers \u201cLearn to Code for Data Analysis.\u201d\n  4. Harvard University : Provides online data science courses.\n  5. Coursera : Explore their \u201cIntroduction to Data Analytics\u201d course offered by IBM.\n\nRemember, these resources can help you build essential skills in data\nanalytics, whether you\u2019re a beginner or looking to enhance your career! \ud83d\udcca\ud83d\udd0d\n\n   : https://www.simplilearn.com/what-is-data-processing-article\n\n   : https://en.wikipedia.org/wiki/Data_processing\n\n   : https://careerfoundry.com/en/blog/data-analytics/free-data-analytics-\ncourses/\n\n",
        "Dataset": "A dataset is a collection of data grouped into a table, where rows\nrepresent data points and columns represent features. [Datasets are essential\nfor various fields, including machine learning, business, and government,\nenabling insights, informed decisions, and algorithm training]. Here\nare five free resources where you can learn more about datasets:\n\n  1. [GeeksforGeeks] : Provides an overview of dataset types, features, and examples.\n  2. [Databricks] : Offers concise information about datasets for analytics and machine learning.\n  3. [Microsoft Learn] : Explains the `DataSet` class, an in-memory cache of data.\n  4. [DataScientest] : Discusses datasets\u2019 role in machine learning and their various formats.\n  5. [Wikipedia] : Provides a comprehensive definition of datasets and their tabular representation.\n\nFeel free to explore these resources to enhance your understanding of\ndatasets! \ud83d\udcca\ud83d\udd0d\n\n   : https://www.geeksforgeeks.org/what-is-dataset/\n\n   : https://www.databricks.com/glossary/what-is-dataset\n\n   : https://learn.microsoft.com/en-\nus/dotnet/api/system.data.dataset?view=net-8.0\n\n   : https://datascientest.com/en/what-is-a-dataset-how-do-i-work-with-it\n\n   : https://en.wikipedia.org/wiki/Data_set\n\n"
    },
    "Skill Learning Resource Remarks": [
        "Strategic Decision Make not found in learning resource database.",
        "Tools E not found in learning resource database.",
        "Predictive Models not found in learning resource database.",
        "E not found in learning resource database.",
        "Extracting Data not found in learning resource database.",
        "Data Technologies not found in learning resource database.",
        "Problem Solve not found in learning resource database.",
        "Decision Make not found in learning resource database.",
        "Data Engineers not found in learning resource database.",
        "Libraries not found in learning resource database.",
        "Analysis Perform not found in learning resource database.",
        "A B Testing also known as Testing",
        "Machine Algorithms not found in learning resource database.",
        "Machine Learn not found in learning resource database.",
        "Science Computer not found in learning resource database.",
        "Communication Skills not found in learning resource database.",
        "Cloud Platforms also known as Cloud",
        "Machine Learn Algorithm not found in learning resource database.",
        "Sources not found in learning resource database.",
        "Collaborate not found in learning resource database.",
        "Draw not found in learning resource database.",
        "Computer Science not found in learning resource database.",
        "Collect not found in learning resource database.",
        "Data Pipeline not found in learning resource database.",
        "Cross Functional Teams not found in learning resource database.",
        "Statistics Mathematics not found in learning resource database.",
        "Preprocess Data not found in learning resource database.",
        "Data Manipulation not found in learning resource database.",
        "Communicate not found in learning resource database.",
        "Algorithms not found in learning resource database.",
        "Analytical Skill not found in learning resource database.",
        "Experimentation not found in learning resource database."
    ],
    "Match Score": [
        {
            "Skill": "strategic decision make",
            "Score": 0.0,
            "Remarks": "Strategic Decision Make not found within the user skill."
        },
        {
            "Skill": "tools e",
            "Score": 0.0,
            "Remarks": "Tools E not found within the user skill."
        },
        {
            "Skill": "machine learning",
            "Score": 0.5,
            "Remarks": "Machine Learning is a related with Streamlit which the user have it, Machine Learning is a related with Neo4J which the user have it, Machine Learning is a related with Pyspark which the user have it, Machine Learning is a related with Xgboost which the user have it, Machine Learning is a related with Anaconda which the user have it, Machine Learning is a related with Pytorch which the user have it, Machine Learning is a related with Scikit which the user have it, Machine Learning is a related with .Net which the user have it"
        },
        {
            "Skill": "predictive models",
            "Score": 0.0,
            "Remarks": "Predictive Models not found within the user skill."
        },
        {
            "Skill": "e",
            "Score": 0.0,
            "Remarks": "E not found within the user skill."
        },
        {
            "Skill": "extracting data",
            "Score": 0.0,
            "Remarks": "Extracting Data not found within the user skill."
        },
        {
            "Skill": "data technologies",
            "Score": 0.0,
            "Remarks": "Data Technologies not found within the user skill."
        },
        {
            "Skill": "scikit-learn",
            "Score": 0.0,
            "Remarks": "Scikit-Learn not found within the user skill."
        },
        {
            "Skill": "problem solve",
            "Score": 0.0,
            "Remarks": "Problem Solve not found within the user skill."
        },
        {
            "Skill": "decision make",
            "Score": 0.0,
            "Remarks": "Decision Make not found within the user skill."
        },
        {
            "Skill": "data engineers",
            "Score": 0.0,
            "Remarks": "Data Engineers not found within the user skill."
        },
        {
            "Skill": "libraries",
            "Score": 0.0,
            "Remarks": "Libraries not found within the user skill."
        },
        {
            "Skill": "unstructured datasets",
            "Score": 0.0,
            "Remarks": "Unstructured Datasets not found within the user skill."
        },
        {
            "Skill": "machine learning algorithms",
            "Score": 0.0,
            "Remarks": "Machine Learning Algorithms not found within the user skill."
        },
        {
            "Skill": "database",
            "Score": 0.0,
            "Remarks": "Database not found within the user skill."
        },
        {
            "Skill": "artificial intelligence",
            "Score": 0.5,
            "Remarks": "Artificial Intelligence is a related with Pyspark which the user have it"
        },
        {
            "Skill": "spark",
            "Score": 0.0,
            "Remarks": "Spark not found within the user skill."
        },
        {
            "Skill": "r",
            "Score": 0.5,
            "Remarks": "R is a related with Anaconda which the user have it, R is a related with Xgboost which the user have it"
        },
        {
            "Skill": "natural language processing",
            "Score": 0.5,
            "Remarks": "Natural Language Processing is a related with Transformers which the user have it, Natural Language Processing is a related with Spacy which the user have it, Natural Language Processing is a related with Nltk which the user have it"
        },
        {
            "Skill": "matplotlib",
            "Score": 1.0,
            "Remarks": "Exact match with one of the user skill."
        },
        {
            "Skill": "analysis perform",
            "Score": 0.0,
            "Remarks": "Analysis Perform not found within the user skill."
        },
        {
            "Skill": "a b testing",
            "Score": 0.0,
            "Remarks": "A B Testing not found within the user skill."
        },
        {
            "Skill": "machine algorithms",
            "Score": 0.0,
            "Remarks": "Machine Algorithms not found within the user skill."
        },
        {
            "Skill": "exploratory data analysis",
            "Score": 0.0,
            "Remarks": "Exploratory Data Analysis not found within the user skill."
        },
        {
            "Skill": "machine learn",
            "Score": 0.0,
            "Remarks": "Machine Learn not found within the user skill."
        },
        {
            "Skill": "science computer",
            "Score": 0.0,
            "Remarks": "Science Computer not found within the user skill."
        },
        {
            "Skill": "communication skills",
            "Score": 0.0,
            "Remarks": "Communication Skills not found within the user skill."
        },
        {
            "Skill": "cloud platforms",
            "Score": 0.0,
            "Remarks": "Cloud Platforms not found within the user skill."
        },
        {
            "Skill": "machine learn algorithm",
            "Score": 0.0,
            "Remarks": "Machine Learn Algorithm not found within the user skill."
        },
        {
            "Skill": "sources",
            "Score": 0.0,
            "Remarks": "Sources not found within the user skill."
        },
        {
            "Skill": "scikit learn",
            "Score": 1.0,
            "Remarks": "Exact match with one of the user skill."
        },
        {
            "Skill": "sql",
            "Score": 1.0,
            "Remarks": "Exact match with one of the user skill."
        },
        {
            "Skill": "collaborate",
            "Score": 0.0,
            "Remarks": "Collaborate not found within the user skill."
        },
        {
            "Skill": "data analysis",
            "Score": 0.5,
            "Remarks": "Data Analysis is a related with Scikit which the user have it, Data Analysis is a related with Pandas which the user have it"
        },
        {
            "Skill": "azure",
            "Score": 1.0,
            "Remarks": "Exact match with one of the user skill."
        },
        {
            "Skill": "data science",
            "Score": 0.5,
            "Remarks": "Data Science is a related with Streamlit which the user have it, Data Science is a related with Neo4J which the user have it, Data Science is a related with Pycharm which the user have it, Data Science is a related with Pyspark which the user have it, Data Science is a related with Xgboost which the user have it, Data Science is a related with Anaconda which the user have it, Data Science is a related with Scikit which the user have it, Data Science is a related with Python which the user have it"
        },
        {
            "Skill": "testing",
            "Score": 0.0,
            "Remarks": "Testing not found within the user skill."
        },
        {
            "Skill": "draw",
            "Score": 0.0,
            "Remarks": "Draw not found within the user skill."
        },
        {
            "Skill": "computer science",
            "Score": 0.0,
            "Remarks": "Computer Science not found within the user skill."
        },
        {
            "Skill": "text analysis",
            "Score": 0.0,
            "Remarks": "Text Analysis not found within the user skill."
        },
        {
            "Skill": "python",
            "Score": 1.0,
            "Remarks": "Exact match with one of the user skill."
        },
        {
            "Skill": "pytorch",
            "Score": 1.0,
            "Remarks": "Exact match with one of the user skill."
        },
        {
            "Skill": "hadoop",
            "Score": 0.0,
            "Remarks": "Hadoop not found within the user skill."
        },
        {
            "Skill": "collect",
            "Score": 0.0,
            "Remarks": "Collect not found within the user skill."
        },
        {
            "Skill": "data pipeline",
            "Score": 0.0,
            "Remarks": "Data Pipeline not found within the user skill."
        },
        {
            "Skill": "visualization",
            "Score": 0.5,
            "Remarks": "Visualization is a related with Matplotlib which the user have it, Visualization is a related with Physx which the user have it, Visualization is a related with Neo4J which the user have it, Visualization is a related with Seaborn which the user have it"
        },
        {
            "Skill": "big data",
            "Score": 0.5,
            "Remarks": "Big Data is a related with Databricks which the user have it, Big Data is a related with Pyspark which the user have it"
        },
        {
            "Skill": "seaborn",
            "Score": 1.0,
            "Remarks": "Exact match with one of the user skill."
        },
        {
            "Skill": "cross functional teams",
            "Score": 0.0,
            "Remarks": "Cross Functional Teams not found within the user skill."
        },
        {
            "Skill": "tensorflow",
            "Score": 0.5,
            "Remarks": "Tensorflow is a related with Transformers which the user have it"
        },
        {
            "Skill": "data visualization",
            "Score": 0.5,
            "Remarks": "Data Visualization is a related with Seaborn which the user have it"
        },
        {
            "Skill": "numpy",
            "Score": 1.0,
            "Remarks": "Exact match with one of the user skill."
        },
        {
            "Skill": "aws",
            "Score": 1.0,
            "Remarks": "Exact match with one of the user skill."
        },
        {
            "Skill": "statistics mathematics",
            "Score": 0.0,
            "Remarks": "Statistics Mathematics not found within the user skill."
        },
        {
            "Skill": "pandas",
            "Score": 1.0,
            "Remarks": "Exact match with one of the user skill."
        },
        {
            "Skill": "preprocess data",
            "Score": 0.0,
            "Remarks": "Preprocess Data not found within the user skill."
        },
        {
            "Skill": "datasets",
            "Score": 0.5,
            "Remarks": "Datasets is a related with Transformers which the user have it, Datasets is a related with Databricks which the user have it, Datasets is a related with Pytorch which the user have it, Datasets is a related with Seaborn which the user have it, Datasets is a related with Pandas which the user have it"
        },
        {
            "Skill": "programming",
            "Score": 1.0,
            "Remarks": "Exact match with one of the user skill."
        },
        {
            "Skill": "data manipulation",
            "Score": 0.0,
            "Remarks": "Data Manipulation not found within the user skill."
        },
        {
            "Skill": "statistical analysis",
            "Score": 0.0,
            "Remarks": "Statistical Analysis not found within the user skill."
        },
        {
            "Skill": "communicate",
            "Score": 0.0,
            "Remarks": "Communicate not found within the user skill."
        },
        {
            "Skill": "algorithms",
            "Score": 0.0,
            "Remarks": "Algorithms not found within the user skill."
        },
        {
            "Skill": "cloud",
            "Score": 1.0,
            "Remarks": "Exact match with one of the user skill."
        },
        {
            "Skill": "data processing",
            "Score": 0.5,
            "Remarks": "Data Processing is a related with Databricks which the user have it, Data Processing is a related with Pyspark which the user have it"
        },
        {
            "Skill": "programming languages",
            "Score": 1.0,
            "Remarks": "Exact match with one of the user skill."
        },
        {
            "Skill": "analytical skill",
            "Score": 0.0,
            "Remarks": "Analytical Skill not found within the user skill."
        },
        {
            "Skill": "experimentation",
            "Score": 0.0,
            "Remarks": "Experimentation not found within the user skill."
        }
    ]
}